[
    {
        "titulo": "Preparación para el examen de recuperación de HTML",
        "descripcion": "Consejos prácticos y recursos para repasar HTML antes del examen de recuperación del curso.",
        "enlace": "#",
        "imagen": "https://picsum.photos/400/?1"
    },
    {
        "titulo": "Repaso de CSS para el examen de recuperación",
        "descripcion": "Revisión de conceptos clave de CSS y ejercicios para fortalecer tus habilidades antes del examen de recuperación.",
        "enlace": "#",
        "imagen": "https://picsum.photos/400/?2"
    },
    {
        "titulo": "Planificación efectiva para las clases de repaso",
        "descripcion": "Estrategias para organizar tu tiempo y aprovechar al máximo las clases de repaso antes de los exámenes de recuperación.",
        "enlace": "#",
        "imagen": "https://picsum.photos/400/?3"
    },
    {
        "titulo": "Recursos útiles para repasar JavaScript",
        "descripcion": "Recopilación de tutoriales, ejercicios y herramientas online para repasar JavaScript y prepararte para el examen de recuperación.",
        "enlace": "#",
        "imagen": "https://picsum.photos/400/?4"
    },
    {
        "titulo": "Consejos para mantener la calma durante los exámenes de recuperación",
        "descripcion": "Consejos prácticos para controlar el estrés y mantener la concentración durante los exámenes de recuperación del curso.",
        "enlace": "#",
        "imagen": "https://picsum.photos/400/?5"
    },
    {
        "titulo": "Preparación para el examen de recuperación de HTML",
        "descripcion": "Consejos prácticos y recursos para repasar HTML antes del examen de recuperación del curso.",
        "enlace": "#",
        "imagen": "https://picsum.photos/400/?5"
    },
    {
        "titulo": "Repaso de CSS para el examen de recuperación",
        "descripcion": "Revisión de conceptos clave de CSS y ejercicios para fortalecer tus habilidades antes del examen de recuperación.",
        "enlace": "#",
        "imagen": "https://picsum.photos/400/?6"
    },
    {
        "titulo": "Planificación efectiva para las clases de repaso",
        "descripcion": "Estrategias para organizar tu tiempo y aprovechar al máximo las clases de repaso antes de los exámenes de recuperación.",
        "enlace": "#",
        "imagen": "https://picsum.photos/400/?7"
    },
    {
        "titulo": "Recursos útiles para repasar JavaScript",
        "descripcion": "Recopilación de tutoriales, ejercicios y herramientas online para repasar JavaScript y prepararte para el examen de recuperación.",
        "enlace": "#",
        "imagen": "https://picsum.photos/400/?8"
    },
    {
        "titulo": "Consejos para mantener la calma durante los exámenes de recuperación",
        "descripcion": "Consejos prácticos para controlar el estrés y mantener la concentración durante los exámenes de recuperación del curso.",
        "enlace": "#",
        "imagen": "https://picsum.photos/400/?9"
    },
    {
        "titulo": "Estrategias de estudio para los exámenes finales",
        "descripcion": "Ideas y técnicas para mejorar tu proceso de estudio y obtener mejores resultados en los exámenes finales.",
        "enlace": "#",
        "imagen": "https://picsum.photos/400/?10"
    },
    {
        "titulo": "Cómo hacer un repaso efectivo antes de los exámenes",
        "descripcion": "Consejos prácticos para organizar y realizar un repaso efectivo de tus materias antes de los exámenes.",
        "enlace": "#",
        "imagen": "https://picsum.photos/400/?11"
    },
    {
        "titulo": "Importancia de la práctica en la preparación para los exámenes",
        "descripcion": "Discusión sobre el papel crucial de la práctica regular en la preparación para los exámenes y cómo implementarla de manera efectiva.",
        "enlace": "#",
        "imagen": "https://picsum.photos/400/?12"
    },
    {
        "titulo": "Gestión del tiempo durante las semanas de exámenes",
        "descripcion": "Técnicas y herramientas para gestionar tu tiempo de manera eficiente durante las semanas de exámenes y reducir el estrés.",
        "enlace": "#",
        "imagen": "https://picsum.photos/400/?13"
    },
    {
        "titulo": "Consejos para mantener la motivación durante la preparación para los exámenes",
        "descripcion": "Ideas y estrategias para mantener alta la motivación y el enfoque durante la preparación para los exámenes.",
        "enlace": "#",
        "imagen": "https://picsum.photos/400/?14"
    }
]
